zona_postal;codigo_postal;Id_Municipio
6875;687519;1
7070;707030;2
540;54018;3
4460;446007;4
1534;153420;5
4740;474048;6
2534;253427;7
550;55030;8
1510;151007;9
5040;504068;10
7340;734007;11
514;51437;12
1910;191077;13
5030;503008;14
500;50032;15
570;57067;16
8800;880007;17
2315;231520;18
5285;528538;19
4180;418049;20
5040;504027;21
4140;414040;22
7335;733508;23
5245;524587;24
1113;111321;25
5470;547018;26
7300;730002;27
1514;151407;28
6825;682548;29
2000;200009;30
514;51430;12
7600;760036;31
1310;131077;32
1910;191088;13
2536;253627;33
820;82020;34
560;56040;35
2740;274017;36
5010;501001;37
5275;527529;38
564;56417;39
2526;252610;40
5255;525550;41
4100;410003;42
5000;500004;43
1538;153880;44
5275;527520;38
1552;155218;45
544;54438;46
1720;172001;47
8550;855030;48
4400;440007;49
9700;970009;50
5450;545077;51
1800;180017;52
6835;683531;53
7050;705070;54
1935;193588;55
510;51037;56
6610;661007;57
550;55068;58
5240;524038;59
6600;660004;60
5400;540004;61
810;81007;62
7040;704050;63
2010;201057;64
8500;850001;65
5220;522068;66
1300;130015;67
6855;685517;68
1325;132527;69
6870;687038;70
2010;201038;71
1524;152429;72
2524;252417;73
7020;702037;74
4180;418047;20
568;56847;75
7355;735538;76
6830;683019;77
800;80006;78
2010;201048;79
1102;110231;80
550;55020;81
2730;273077;82
1532;153207;83
2030;203067;84
2528;252848;85
1520;152001;86
4460;446009;4
6340;634001;87
1940;194028;88
4120;412020;89
538;53838;90
6800;680001;91
1512;151201;92
5250;525068;93
558;55840;94
8550;855039;48
8520;852058;95
4170;417038;96
9710;971007;97
5030;503007;14
2720;272017;98
1506;150617;99
9730;973008;100
2760;276078;101
8560;856017;102
520;52050;103
7335;733578;104
570;57040;105
1700;170003;106
6820;682061;107
548;54848;108
4140;414027;109
7620;762037;110
5455;545557;111
1512;151287;112
1544;154407;113
5470;547010;26
830;83027;114
2534;253460;115
2050;205008;116
6855;685501;117
2330;233049;118
6820;682031;119
6835;683528;120
2528;252847;85
4760;476020;121
5400;540003;61
2720;272020;122
1760;176001;123
2506;250601;124
6840;684051;125
2512;251267;126
7305;730588;127
8530;853059;128
1340;134077;129
7625;762520;130
1109;110931;131
4160;416048;132
4780;478007;133
4440;444008;134
2320;232039;135
2050;205010;136
1340;134040;137
1536;153667;138
6330;633027;139
2512;251227;140
1532;153287;141
7305;730568;142
1105;110511;25
570;57030;144
5060;506027;145
514;51448;146
2305;230520;147
7315;731501;148
6825;682538;149
5250;525038;150
2516;251628;151
1534;153450;152
1315;131547;153
1955;195539;154
8610;861040;155
6805;680507;156
6320;632008;157
2720;272050;158
9130;913057;159
1915;191528;160
4160;416001;161
6850;685041;162
6850;685048;162
7300;730018;27
1550;155047;163
6600;660007;60
510;51030;56
5250;525030;150
2010;201058;64
1905;190509;164
840;84047;165
9150;915010;166
5270;527007;167
7350;735058;168
1108;110841;169
5275;527580;170
2500;250051;171
1700;170008;106
7060;706037;172
5270;527060;173
1548;154827;174
8140;814057;175
7000;700001;176
7020;702057;177
8150;815017;178
7335;733558;179
6805;680547;180
1111;111161;181
6830;683037;182
5265;526520;183
2780;278037;184
4430;443027;185
1310;131040;186
570;57050;187
548;54828;188
2508;250818;189
2325;232557;190
534;53467;191
1506;150610;99
9900;990001;192
574;57457;193
7645;764503;194
1760;176007;123
1915;191501;195
1940;194007;196
6865;686537;197
2000;200002;30
564;56438;198
4130;413008;199
578;57857;200
5210;521060;201
800;80011;78
2300;230017;202
5470;547050;203
1528;152847;204
578;57837;205
5245;524527;206
1320;132047;207
6870;687039;70
2530;253047;208
5400;540007;61
1840;184010;209
5260;526027;210
820;82040;211
500;50040;15
9920;992009;212
6860;686029;213
9420;942057;214
2536;253620;33
2340;234010;215
2530;253040;208
1504;150487;216
1540;154001;217
810;81028;218
550;55057;219
850;85001;220
2520;252008;221
1112;111221;25
4400;440003;49
4440;444010;223
2335;233501;224
1920;192027;225
4410;441048;226
1310;131028;227
5205;520530;228
4440;444037;229
800;80016;78
568;56860;230
4430;443007;231
5235;523540;232
1550;155060;233
1960;196038;234
9440;944058;235
9440;944018;236
5260;526001;237
4440;444030;229
514;51417;238
4720;472007;239
7345;734540;240
7600;760011;31
7050;705077;54
6835;683571;241
1522;152211;242
2020;202037;243
518;51860;244
4460;446008;4
7315;731580;245
7020;702070;246
6840;684021;247
2522;252212;248
7320;732028;249
1512;151240;250
528;52850;251
4750;475008;252
7630;763001;253
2502;250257;254
4720;472028;255
5430;543037;256
5280;528008;257
2010;201037;71
5420;542017;258
9110;911018;259
1940;194037;88
5200;520004;260
2050;205017;136
1502;150267;261
1925;192579;262
2305;230507;263
570;57028;264
7325;732508;265
6610;661048;266
4750;475007;252
9430;943018;267
7630;763038;268
2325;232537;269
7050;705018;270
538;53830;90
5060;506068;271
6310;631028;272
6340;634008;87
1935;193507;273
1770;177060;274
574;57458;193
4780;478020;275
2345;234538;276
2720;272048;277
8640;864007;278
530;53010;279
810;81001;62
7605;760507;280
7040;704018;281
7625;762501;282
2500;250020;283
564;56470;284
6810;681002;285
4430;443049;286
518;51857;287
8510;851070;288
820;82001;289
2000;200008;30
574;57440;290
540;54057;291
5250;525001;292
6835;683587;293
840;84040;165
1119;111961;25
5265;526560;295
7320;732040;296
1905;190517;164
534;53420;297
4440;444057;298
1506;150680;299
6865;686531;197
5260;526007;237
2340;234007;300
4130;413067;301
558;55837;302
9910;991057;303
7030;703058;304
5040;504067;10
528;52848;305
2740;274050;306
8560;856030;307
8530;853038;308
8610;861007;309
2512;251208;310
550;55050;219
5250;525037;150
1905;190547;311
6825;682527;312
510;51020;313
1710;171020;314
5050;505008;315
9720;972047;316
1502;150220;317
5070;507019;318
2040;204067;319
9130;913050;159
1506;150640;320
1935;193550;321
1538;153847;322
6600;660001;60
9400;940001;323
540;54038;324
7615;761501;325
6820;682001;326
9730;973048;327
514;51427;328
7030;703038;329
4780;478001;133
6830;683049;330
7600;760009;31
5400;540008;61
1930;193001;331
2538;253840;332
568;56838;333
2520;252040;334
5410;541057;335
9440;944057;235
2760;276018;336
7300;730006;27
510;51054;337
5265;526567;295
5275;527589;170
2760;276030;338
2538;253847;332
2504;250407;339
4180;418077;340
4180;418067;340
1720;172027;341
4700;470009;342
1940;194080;343
6860;686058;344
2506;250630;345
7335;733547;179
1740;174008;346
8510;851030;347
1504;150462;348
6855;685507;117
7620;762017;349
1518;151801;350
6320;632060;351
6830;683061;352
4730;473029;353
4150;415008;354
1109;110911;131
5220;522048;355
2522;252247;356
5250;525069;93
5000;500003;43
4130;413001;199
5070;507008;357
1552;155219;45
4750;475057;358
5255;525529;359
7030;703070;360
6855;685561;361
2310;231048;362
1320;132057;363
1542;154269;364
4160;416067;365
2510;251020;366
544;54428;367
1530;153020;368
6855;685518;68
560;56027;369
6610;661001;57
6815;681531;370
7615;761528;371
540;54058;291
6840;684069;372
1552;155201;45
1506;150660;373
6300;630004;374
7600;760001;31
1544;154448;375
1860;186037;376
2502;250220;377
9920;992001;212
548;54817;378
8560;856019;102
2502;250251;254
8610;861027;379
5270;527067;173
2345;234517;380
6810;681003;285
1524;152447;381
528;52810;382
5210;521048;383
6875;687587;384
6820;682009;326
7300;730001;27
1730;173020;385
5210;521080;386
7600;760024;31
7630;763037;268
510;51038;56
8510;851077;288
7355;735567;387
2350;235020;388
7010;701038;389
2050;205078;390
1935;193589;55
2534;253440;391
4180;418007;392
1350;135027;393
2330;233048;118
1512;151267;394
2506;250637;345
6855;685567;361
4100;410007;42
2504;250418;395
7050;705050;396
2540;254007;397
8540;854037;398
6850;685007;399
1111;111121;181
4780;478067;400
2518;251810;401
5070;507051;402
1910;191048;403
2504;250450;404
2345;234539;276
7070;707010;405
1548;154860;406
2510;251038;407
2536;253660;408
568;56850;409
7605;760557;410
5020;502008;411
2760;276038;338
1300;130011;67
6835;683541;412
9910;991059;303
2534;253437;413
7635;763517;414
5205;520537;228
1305;130510;415
9510;951008;416
8540;854017;417
8550;855050;418
1810;181037;419
2750;275038;420
1950;195008;421
554;55430;422
564;56427;423
7355;735569;387
6825;682578;424
820;82007;289
1506;150647;320
2528;252801;425
5230;523007;426
568;56837;333
9510;951007;416
554;55440;427
6855;685551;428
6815;681521;429
850;85040;430
1330;133040;431
1524;152468;432
6870;687061;433
4760;476067;434
4170;417039;96
2305;230558;435
9150;915019;166
5220;522067;66
7010;701057;436
558;55867;437
1305;130528;438
1335;133537;439
5200;520003;260
5225;522520;440
2536;253607;441
1107;110721;442
1548;154847;443
5240;524039;59
5210;521001;444
2770;277010;445
5205;520577;446
7000;700003;176
1720;172048;447
6810;681027;448
1538;153867;449
7335;733517;450
5205;520509;451
9520;952001;452
6830;683031;182
5480;548017;453
1504;150469;348
5070;507048;454
568;56818;455
1700;170001;106
2536;253601;441
2532;253227;456
1905;190567;457
5010;501028;458
578;57840;459
550;55027;81
5060;506047;460
5215;521548;461
1940;194068;462
524;52448;463
7625;762530;464
4140;414020;109
8540;854018;417
6875;687578;384
7335;733527;465
5275;527508;466
1920;192008;467
520;52079;468
5410;541017;469
2506;250607;124
1538;153827;470
2730;273058;471
1104;110441;25
1800;180002;52
6830;683028;77
820;82027;34
2510;251027;366
5215;521501;473
2520;252010;474
1720;172060;475
7610;761047;476
4170;417018;477
4110;411087;478
7320;732001;479
538;53820;480
1504;150488;216
1506;150620;481
2510;251047;482
6820;682051;483
1960;196009;484
1340;134070;129
4150;415047;485
4150;415001;354
1532;153240;486
6320;632001;157
5000;500001;43
4110;411048;487
5040;504047;488
5275;527547;489
540;54030;324
1330;133049;431
1320;132040;207
2305;230550;435
1522;152240;490
1905;190518;164
6810;681019;448
1950;195067;491
6630;663037;492
1780;178001;493
1935;193578;55
5240;524069;494
2330;233001;495
1105;110551;25
2528;252820;496
2320;232050;497
6840;684041;498
2710;271037;499
5280;528039;500
1105;110561;25
4750;475030;501
6855;685527;502
5200;520027;260
6610;661047;266
530;53020;503
6830;683057;504
5460;546058;505
8520;852039;506
4140;414008;507
2040;204001;508
5470;547077;509
4420;442009;510
7050;705057;396
5465;546551;511
4750;475020;512
1540;154040;513
570;57068;16
2760;276019;336
6835;683581;293
1111;111151;181
6840;684017;514
9140;914050;515
6875;687518;1
1910;191079;13
5060;506061;271
8640;864008;278
5285;528560;516
4140;414029;109
554;55420;517
2750;275010;518
7340;734060;519
5260;526057;520
2000;200001;30
5230;523087;521
1920;192007;467
6825;682547;29
1700;170017;106
6875;687509;522
2540;254040;523
1900;190009;524
7305;730587;127
530;53017;279
810;81047;525
7620;762047;526
2520;252030;527
5205;520517;451
1550;155001;528
4760;476058;529
4110;411027;530
1905;190508;164
2730;273037;531
1300;130008;67
9530;953007;532
9170;917010;533
2500;250052;171
2504;250410;395
7635;763567;534
4700;470004;342
1810;181059;535
574;57420;536
6800;680004;91
2520;252037;527
6830;683021;77
7350;735007;537
1510;151047;538
9500;950001;539
4760;476068;434
5040;504001;540
1900;190018;524
6825;682568;541
568;56820;542
550;55038;8
2532;253201;543
820;82047;211
6600;660002;60
4410;441009;544
570;57017;545
4780;478027;275
4730;473047;546
1534;153468;547
1345;134517;548
578;57829;549
4730;473027;353
538;53857;550
9410;941017;551
1528;152867;552
5060;506001;553
850;85047;430
9420;942010;554
5070;507028;555
4740;474028;556
1108;110871;169
7345;734560;557
2340;234030;558
1905;190501;164
7315;731568;559
1502;150207;560
4140;414068;561
7345;734567;557
1534;153460;547
5470;547017;26
2502;250252;254
1118;111821;25
2532;253260;563
4160;416087;564
5220;522047;355
4150;415080;565
7350;735070;566
8520;852038;506
7315;731507;148
1780;178047;567
548;54838;568
7350;735037;569
840;84067;570
4730;473048;546
1300;130002;67
578;57868;571
2350;235028;388
540;54020;572
4750;475017;573
2325;232508;574
1950;195040;575
7310;731060;576
4750;475010;573
4120;412047;577
5215;521569;578
8530;853039;308
5010;501007;37
2330;233020;579
5255;525579;580
514;51410;238
810;81040;525
1920;192020;225
1518;151827;581
2000;200007;30
510;51058;337
1345;134501;582
9110;911039;583
2504;250430;584
7350;735028;569
1950;195047;575
1860;186017;585
7300;730004;27
1538;153801;586
4150;415069;365
8630;863007;587
570;57020;264
1110;111041;25
7300;730019;27
4740;474067;589
6875;687557;590
1116;111621;25
550;55070;592
2325;232529;269
1550;155027;593
538;53810;594
9110;911037;583
1700;170002;106
7050;705078;54
9910;991007;303
7300;730003;27
7600;760026;31
1532;153260;595
5205;520518;451
1920;192048;596
5420;542037;597
5285;528517;19
1520;152047;598
574;57447;290
6800;680002;91
6805;680541;180
500;50015;15
7050;705037;599
5470;547057;203
7020;702018;600
1520;152080;601
1119;111971;25
8620;862080;602
2760;276050;603
5280;528078;604
1119;111941;25
2335;233538;605
1532;153227;606
2310;231038;362
1840;184017;209
7605;760538;607
2526;252657;608
7320;732027;249
2310;231007;609
7615;761540;610
7625;762548;611
2325;232547;190
518;51858;287
6835;683521;120
4400;440008;49
7020;702017;600
6845;684527;612
8610;861088;613
7030;703018;614
1925;192578;262
800;80010;78
6860;686028;213
1512;151247;250
1780;178057;567
4730;473049;546
534;53457;615
7010;701037;389
7610;761038;616
510;51028;313
2536;253610;617
2720;272058;158
9110;911017;259
4430;443048;286
7040;704030;618
1740;174001;346
9400;940008;323
2300;230027;202
5420;542030;597
7610;761028;619
1770;177087;620
6610;661040;266
1538;153840;322
520;52060;621
1920;192057;596
1860;186058;622
1526;152647;623
2760;276077;101
1325;132511;69
5430;543030;256
1522;152247;490
8610;861087;613
538;53817;594
1310;131067;32
2315;231540;624
1330;133028;625
1910;191047;403
2340;234039;558
1960;196030;234
5010;501021;458
1950;195017;421
9720;972048;316
1530;153037;626
2506;250640;627
5465;546552;511
1760;176048;628
7070;707057;629
2520;252001;221
2534;253449;391
4450;445007;630
7620;762027;631
6340;634007;87
1325;132519;69
5040;504061;10
6800;680007;91
1955;195538;154
1915;191529;160
5460;546077;632
530;53048;633
9700;970008;50
5050;505007;315
4770;477047;634
2514;251407;635
1300;130027;67
6825;682509;636
1534;153407;637
500;50004;15
1518;151820;581
2522;252248;356
518;51868;244
2740;274010;36
7605;760518;638
530;53028;503
2345;234508;380
544;54448;639
4760;476007;640
7600;760023;31
1300;130014;67
2500;250030;641
500;50006;15
5440;544070;642
8530;853057;128
9160;916017;643
1935;193579;55
2770;277050;644
1526;152601;645
8550;855057;418
7600;760035;31
6875;687577;384
1315;131540;153
1542;154220;646
5250;525067;93
9430;943019;267
7050;705039;599
500;50043;15
7355;735507;647
2534;253420;7
5240;524009;648
1530;153057;649
548;54827;188
9910;991019;303
2532;253217;650
2518;251847;651
4140;414009;507
6835;683557;652
2510;251040;482
4720;472027;255
6815;681501;653
6845;684507;654
7010;701050;436
2534;253447;391
2500;250078;655
6875;687517;1
8520;852050;95
2010;201010;656
830;83080;657
4700;470017;342
4150;415040;485
4780;478048;658
1103;110311;25
6820;682021;660
7615;761558;661
6820;682041;662
1534;153440;663
1730;173060;664
6810;681048;665
7000;700009;176
2506;250608;124
7030;703030;329
1111;111156;181
6815;681547;666
4750;475038;501
2528;252830;667
5450;545037;668
5245;524520;206
1920;192077;669
1502;150247;670
5235;523507;671
9430;943067;672
8550;855038;48
7600;760016;31
7640;764007;673
2532;253257;674
1516;151647;675
1945;194558;676
1945;194508;677
6805;680567;678
6815;681557;679
1950;195060;491
510;51070;680
4170;417060;681
8160;816018;682
2720;272040;277
2030;203020;683
5070;507058;402
6865;686508;684
6330;633001;685
6835;683578;241
7600;760010;31
1111;111176;181
534;53447;686
6805;680527;687
534;53410;688
2720;272057;158
7600;760031;31
840;84001;689
6835;683507;690
1524;152469;432
7305;730580;127
8610;861047;155
7010;701030;389
1508;150820;691
534;53428;297
7600;760006;31
514;51460;692
1330;133007;693
7610;761048;476
1340;134068;694
5235;523527;695
6840;684058;125
5030;503061;696
5455;545537;697
810;81027;218
1524;152427;72
500;50016;15
2526;252627;698
5245;524540;699
570;57010;545
1548;154808;700
2300;230002;202
8550;855010;701
5280;528037;500
1935;193570;55
5470;547058;203
534;53440;686
1101;110111;702
6865;686569;703
5280;528009;257
5230;523080;521
4120;412080;704
1810;181058;535
500;50024;15
5205;520570;446
4720;472047;705
6845;684541;706
524;52447;463
550;55077;592
7610;761030;616
574;57467;707
1536;153608;708
2700;270070;709
4120;412087;704
5400;540019;61
2310;231029;362
7315;731587;245
2526;252640;710
5470;547037;711
4760;476027;121
2536;253647;712
8620;862047;713
574;57438;714
6855;685541;715
2010;201040;79
6860;686007;716
4410;441008;544
2508;250810;189
2720;272027;122
6320;632027;717
6300;630001;374
6815;681518;718
4100;410001;42
9150;915017;166
7320;732020;249
7335;733587;719
5450;545070;51
6840;684061;372
2532;253230;720
4770;477009;721
4760;476037;722
6815;681527;429
1538;153860;449
1116;111631;25
2300;230009;202
520;52030;723
1310;131029;227
6835;683568;724
9400;940018;323
554;55438;422
1920;192001;467
1340;134027;725
2518;251850;726
7625;762538;464
1532;153220;606
4740;474020;556
1325;132547;727
1540;154080;728
4440;444050;298
4750;475018;573
800;80004;78
1925;192508;729
1101;110151;702
830;83020;114
2504;250417;395
540;54010;3
1522;152210;242
2518;251830;730
5480;548050;731
7305;730520;732
4720;472020;255
1720;172029;341
1544;154427;733
1504;150448;734
2522;252201;735
7310;731040;736
2508;250830;737
1905;190538;311
5010;501017;738
6875;687527;1
7625;762517;739
850;85067;740
534;53430;741
6870;687069;433
500;50036;15
4420;442001;510
2500;250055;171
7600;760042;31
6835;683517;742
5470;547039;711
1120;112021;25
1548;154887;744
1516;151608;745
850;85060;740
574;57427;536
5020;502048;746
4110;411088;478
8100;810009;747
520;52020;748
4780;478060;400
500;50021;15
5420;542050;749
9900;990009;192
1120;112031;25
2750;275030;420
9430;943058;672
554;55427;517
5460;546070;632
2710;271030;499
4750;475037;501
2500;250077;655
7300;730005;27
1760;176028;750
8130;813017;751
1542;154201;752
4410;441039;226
1111;111131;181
5070;507021;555
6810;681007;285
6815;681561;753
7340;734068;519
9400;940007;323
514;51450;754
2526;252638;755
2740;274018;36
2325;232558;190
2516;251620;151
2020;202017;756
1506;150667;373
4110;411007;757
2740;274039;758
6820;682017;759
2538;253827;760
9400;940027;323
2512;251217;761
6870;687068;433
1345;134527;762
514;51447;146
5220;522088;763
558;55827;764
5285;528519;19
4100;410017;42
7645;764504;194
1116;111611;25
7030;703037;329
2500;250054;171
578;57820;549
4160;416047;132
5225;522501;765
6805;680531;687
6620;662030;766
2502;250247;767
1910;191039;403
1335;133567;768
5240;524060;494
2526;252630;755
1950;195009;421
4150;415027;769
1300;130012;67
4110;411028;530
1516;151660;770
5440;544058;771
1300;130013;67
5240;524030;59
2030;203060;84
1534;153457;152
4770;477050;772
5200;520019;260
2536;253608;441
2030;203048;773
528;52847;305
7620;762021;631
2700;270077;709
500;50012;15
5030;503067;696
2508;250827;774
574;57418;775
2530;253020;776
2528;252850;777
5030;503021;778
500;50010;15
540;54050;291
5220;522087;763
4180;418001;392
4450;445040;779
7600;760034;31
5255;525558;41
2518;251808;780
2536;253650;781
5465;546557;511
7040;704037;618
2514;251401;635
7615;761517;782
554;55460;783
1740;174007;346
5010;501057;784
5270;527068;173
2730;273030;531
5250;525047;150
1300;130018;67
5215;521540;461
2502;250217;785
5255;525501;786
2528;252810;787
830;83087;657
5230;523067;788
4170;417079;789
578;57817;790
5465;546559;511
6845;684517;791
4730;473001;792
5275;527527;38
7310;731001;793
4770;477001;721
6870;687047;70
4430;443040;286
1300;130019;67
8130;813010;751
530;53050;794
8530;853030;308
5255;525570;580
2526;252648;710
7020;702010;600
9910;991048;303
5440;544017;795
1518;151807;350
2030;203047;773
1860;186038;376
540;54048;796
8610;861060;797
534;53427;297
4750;475027;512
7010;701077;798
1105;110571;25
4170;417030;96
2720;272037;799
540;54017;3
528;52857;251
544;54410;800
1315;131520;801
850;85020;802
1900;190002;524
1305;130527;438
1104;110421;25
518;51837;803
4720;472040;705
9120;912010;804
5000;500017;43
7625;762547;611
7315;731528;805
5070;507047;454
2010;201027;806
2510;251057;807
8800;880001;17
4420;442008;510
510;51027;313
7645;764509;194
5445;544527;808
4430;443028;185
560;56017;809
1325;132557;810
7345;734509;811
2510;251010;812
5200;520010;260
1340;134047;137
1750;175001;813
520;52018;814
7335;733529;465
2320;232020;815
2504;250440;816
6810;681017;448
6850;685047;162
5285;528509;19
1780;178049;567
6600;660006;60
1810;181017;817
558;55848;94
5400;540001;61
5270;527039;818
5285;528502;19
5000;500005;43
6870;687001;819
1905;190558;457
5060;506007;553
1109;110921;131
5280;528047;500
4410;441057;226
1102;110221;80
8140;814050;175
4160;416007;161
2524;252431;820
1955;195547;154
2325;232507;574
2500;250037;641
9410;941038;821
6825;682559;822
2522;252217;248
568;56817;455
6835;683501;690
1536;153620;823
1508;150807;824
2760;276070;101
2350;235027;388
1516;151667;770
7635;763527;825
5280;528069;604
1910;191067;826
7350;735029;569
1325;132567;827
6830;683029;77
1335;133518;828
1542;154268;364
1305;130530;829
1915;191568;830
1960;196037;234
7040;704010;281
554;55422;517
850;85027;802
7635;763557;831
564;56467;832
9150;915018;166
2530;253030;833
1940;194089;343
2524;252410;73
6640;664017;834
4170;417037;96
554;55421;517
4410;441058;226
6840;684057;125
1522;152237;835
7620;762018;349
1770;177089;620
6805;680568;678
2530;253052;836
500;50007;15
518;51847;837
5040;504007;540
1107;110741;442
2730;273057;471
5285;528518;19
2300;230028;202
2770;277038;838
7070;707037;2
1546;154667;839
8520;852030;506
7605;760527;840
800;80001;78
5255;525520;359
4150;415060;365
5445;544520;808
6300;630002;374
2512;251240;841
2504;250437;584
5235;523501;671
558;55858;842
1506;150627;481
2010;201030;71
7635;763578;843
4410;441027;226
7040;704038;618
5200;520029;260
6630;663038;492
1532;153248;486
5400;540011;61
564;56447;844
524;52428;845
1820;182017;846
5420;542038;597
8610;861067;797
9400;940028;323
1546;154640;847
7330;733048;848
6840;684037;849
7615;761530;850
6825;682557;822
9410;941047;821
2522;252240;356
5060;506048;460
5480;548030;851
7050;705058;396
9720;972007;852
1119;111911;25
2300;230019;202
520;52017;814
6600;660008;60
2516;251607;853
1536;153627;823
6640;664008;854
6300;630007;374
550;55018;855
1510;151027;856
5410;541030;857
6830;683077;858
7325;732507;265
5445;544557;859
1522;152217;242
1770;177040;860
1850;185017;861
5480;548057;731
6875;687511;1
1320;132050;363
6640;664047;862
8520;852037;506
6805;680501;156
6830;683017;863
2335;233530;605
1910;191007;864
1516;151627;865
4410;441018;544
8140;814017;866
1530;153047;867
500;50041;15
4700;470002;342
6855;685521;502
8500;850007;65
9920;992017;212
1860;186010;585
1960;196008;484
550;55010;855
524;52438;868
2050;205040;869
500;50029;15
7630;763021;870
1532;153280;141
1532;153201;83
2700;270078;709
578;57827;549
1945;194501;677
1860;186030;376
7030;703010;614
2532;253250;674
4440;444007;134
6860;686001;716
4130;413040;871
7600;760014;31
2536;253618;617
2770;277037;838
2534;253410;872
7355;735560;387
2325;232527;269
1310;131068;32
1504;150480;216
6815;681507;653
4140;414060;561
1113;111311;25
2500;250010;873
7355;735550;874
1910;191017;864
1730;173001;875
9520;952017;452
5460;546079;632
568;56830;333
6865;686567;703
6820;682058;483
7310;731047;736
5220;522007;876
5060;506041;460
510;51059;337
1526;152627;877
4110;411080;478
2340;234038;558
7350;735057;168
554;55450;878
2320;232008;879
2536;253637;880
6320;632020;717
7050;705079;54
6630;663017;881
5215;521560;578
1310;131069;32
560;56037;882
4170;417007;883
5465;546510;884
1532;153268;595
2530;253057;836
1538;153809;586
850;85007;220
5240;524007;648
5400;540005;61
8140;814010;866
7060;706018;885
1110;111011;588
8560;856010;102
4740;474040;6
8550;855018;701
1504;150408;886
2315;231507;887
7010;701017;888
2040;204047;889
1532;153247;486
1508;150827;691
5430;543010;890
2350;235048;891
2330;233028;579
4100;410010;42
2522;252211;248
7600;760004;31
1530;153067;892
1710;171008;893
6810;681038;894
1514;151447;895
7335;733520;465
1120;112011;25
1108;110881;169
7600;760003;31
540;54028;572
6600;660017;60
1325;132560;827
7600;760044;31
1500;150008;896
5040;504048;488
1955;195507;897
840;84060;570
7600;760041;31
2530;253051;836
518;51838;803
2534;253407;898
9920;992018;212
5275;527540;489
500;50023;15
9910;991009;303
5265;526568;295
6825;682577;424
8610;861020;379
5220;522027;899
1526;152667;900
1300;130009;67
2508;250837;737
6835;683569;724
6835;683547;412
6830;683051;504
6640;664007;854
7635;763520;825
2512;251230;901
2750;275058;902
6815;681567;753
518;51850;287
7625;762527;130
1520;152060;903
2345;234518;380
7000;700008;176
2345;234537;276
7615;761520;371
1900;190017;524
1920;192040;596
1905;190589;904
9950;995007;905
6875;687501;522
1305;130547;906
1536;153637;907
4110;411060;908
8530;853058;128
2508;250847;909
2518;251837;730
1960;196060;910
2516;251627;151
4180;418028;911
1546;154601;912
2750;275057;902
1514;151427;913
2526;252607;914
1534;153467;547
2320;232017;915
5200;520002;260
1940;194027;88
1544;154447;375
2536;253667;408
2345;234501;380
2510;251001;916
7310;731067;576
7355;735537;76
2320;232001;879
2310;231027;362
1110;111061;588
7300;730009;27
7340;734040;917
5240;524077;494
9130;913017;918
5010;501041;919
2760;276037;338
5200;520039;260
7640;764001;673
1534;153447;663
6850;685008;399
2350;235008;920
4140;414028;109
5280;528007;257
2040;204020;921
4740;474007;922
1350;135008;923
2516;251648;924
1500;150009;896
2000;200017;30
1119;111921;25
8630;863008;587
5455;545530;697
2522;252257;925
5265;526507;926
578;57839;205
554;55457;878
9910;991001;303
4760;476047;927
534;53450;615
1320;132030;928
6875;687548;590
1915;191567;830
1548;154820;174
6860;686008;716
1780;178020;929
2780;278010;930
5400;540002;61
850;85048;430
7605;760517;638
564;56440;844
1500;150002;896
1915;191540;931
1910;191038;403
7030;703078;360
6835;683527;120
500;50037;15
1720;172047;447
1720;172040;447
5445;544528;808
2350;235040;891
5240;524078;494
1950;195019;421
1110;111031;25
5070;507037;555
2522;252219;248
5255;525507;786
2534;253401;898
518;51830;803
1780;178048;567
7600;760020;31
1538;153887;44
5245;524567;932
1935;193508;273
5455;545539;697
1320;132058;363
4150;415078;365
6640;664020;933
1905;190539;311
4450;445027;934
2512;251201;310
7630;763049;935
558;55847;94
7340;734020;936
6610;661027;937
840;84027;938
1860;186077;939
6640;664027;933
1910;191037;403
7330;733001;940
5010;501038;941
1900;190004;524
6640;664001;854
5440;544037;942
7060;706017;885
500;50033;15
7050;705017;270
558;55860;437
1524;152448;381
8500;850008;65
1350;135007;923
4120;412060;943
4440;444001;134
7050;705038;599
1710;171047;944
7345;734507;811
1548;154801;700
8540;854019;417
7340;734067;519
544;54440;639
6835;683567;724
1900;190001;524
8120;812017;945
9920;992007;212
8600;860001;946
6825;682549;29
6875;687507;522
1510;151020;856
5020;502047;746
7635;763550;831
7350;735008;537
530;53037;947
1520;152020;948
2506;250620;949
2512;251247;841
5250;525008;292
558;55817;950
1345;134510;548
7010;701010;888
1740;174037;951
2730;273010;952
1925;192547;953
6815;681508;653
7050;705010;270
9400;940019;323
7330;733008;940
1530;153050;649
5245;524547;699
500;50013;15
1504;150467;348
4450;445020;934
5250;525009;292
2770;277030;838
1546;154647;847
2500;250047;954
7345;734528;955
5205;520501;451
8620;862020;956
6630;663030;492
5235;523547;232
7060;706030;172
9110;911038;583
2010;201050;64
1310;131020;227
1770;177047;860
2518;251857;726
2305;230529;147
6330;633020;139
6810;681018;448
5070;507007;357
4410;441007;544
6815;681551;679
2730;273038;531
544;54430;46
8630;863001;587
5275;527548;489
4110;411001;757
1335;133510;828
9400;940009;323
2502;250240;767
2504;250428;957
2500;250058;171
7310;731007;793
7345;734547;240
1552;155217;45
7635;763538;958
548;54847;108
564;56430;198
4140;414001;507
2532;253207;543
1905;190507;164
2780;278057;445
8510;851038;347
1750;175007;813
5270;527030;818
8560;856038;307
2740;274037;758
5200;520028;260
4180;418040;20
5410;541038;857
9170;917017;533
2504;250447;816
1760;176047;628
570;57018;545
5470;547070;509
6815;681519;718
7335;733507;23
2522;252207;735
5245;524528;206
1335;133550;959
2345;234507;380
5450;545050;960
1522;152250;961
5455;545538;697
1940;194008;196
2710;271017;962
2530;253007;963
830;83005;964
4430;443047;286
2310;231047;362
1300;130017;67
7020;702077;246
1950;195001;421
2770;277017;445
9120;912019;804
6865;686539;197
1506;150687;299
1840;184019;209
7620;762001;965
1350;135028;393
1110;111021;588
5460;546057;505
578;57878;966
2524;252401;967
1925;192518;729
6860;686021;213
2305;230537;147
840;84087;968
1540;154047;513
5020;502049;746
2500;250057;171
1508;150840;969
7630;763008;253
7605;760510;638
6320;632040;970
2740;274058;306
4160;416088;564
578;57858;200
6835;683537;53
6840;684028;247
9430;943057;672
5420;542058;749
8800;880028;971
5030;503068;696
5470;547078;509
554;55411;972
4100;410006;42
5020;502041;746
4140;414047;22
2040;204040;889
5265;526527;183
4400;440001;49
9130;913019;918
1506;150607;973
5225;522527;440
1340;134020;725
5460;546078;632
1940;194067;462
2540;254020;974
5010;501018;738
2780;278038;184
9410;941018;551
1536;153668;138
4410;441059;226
5030;503027;778
8530;853017;975
2320;232059;497
5230;523068;788
1920;192009;467
1830;183010;976
5205;520538;228
4760;476040;927
2540;254008;397
1514;151448;895
1915;191569;830
7335;733540;179
8530;853010;975
1750;175037;977
2504;250420;957
1522;152218;242
8620;862069;978
4150;415087;565
7620;762008;965
1104;110431;25
1700;170009;106
2030;203040;773
1350;135048;979
2500;250002;980
1935;193537;981
9910;991049;303
1522;152268;982
6810;681031;665
2516;251647;924
6825;682537;149
7060;706010;885
8540;854010;417
7350;735078;566
6860;686047;344
5000;500007;43
1526;152640;623
7020;702078;246
7355;735509;647
5200;520037;260
7355;735557;874
9160;916057;983
4410;441001;544
1910;191030;403
1315;131507;984
9120;912018;804
6860;686027;213
2526;252667;985
1720;172007;47
2510;251067;986
6620;662017;987
500;50020;15
6805;680561;678
7305;730527;732
5200;520008;260
7620;762007;965
6840;684007;988
7320;732047;296
1905;190548;311
5455;545518;989
1107;110731;442
6320;632007;157
5265;526529;183
820;82067;990
7605;760547;991
1930;193008;331
5450;545010;992
564;56477;284
550;55048;993
2020;202018;756
4430;443020;185
5200;520007;260
1950;195018;421
6825;682517;994
4400;440009;49
2330;233040;118
1118;111811;25
2540;254027;974
2020;202030;243
1552;155208;45
6825;682541;29
2534;253408;898
570;57037;144
9410;941039;821
5210;521087;386
2514;251428;995
1524;152428;72
2530;253027;776
2300;230007;202
1905;190530;311
4100;410009;42
1780;178007;493
2750;275037;420
2508;250820;774
6800;680003;91
2532;253258;674
1350;135040;979
1532;153217;996
528;52837;997
500;50031;15
6330;633007;685
8560;856050;998
1544;154460;999
7620;762010;349
1508;150887;1000
500;50048;15
1340;134048;137
1502;150260;261
2050;205037;1001
1120;112041;25
500;50018;15
9910;991047;303
520;52068;621
5260;526047;520
1925;192539;953
2335;233537;605
1345;134548;1002
1540;154087;728
1920;192049;596
5255;525528;359
5050;505048;1003
5210;521067;201
4180;418069;340
1710;171001;893
5480;548058;731
1512;151260;394
1504;150447;734
574;57460;707
1930;193007;331
2534;253468;115
2532;253237;720
9410;941037;821
2750;275050;902
2520;252020;1004
6840;684031;849
2538;253807;1005
6835;683558;652
550;55040;993
1524;152401;1006
6850;685001;399
6825;682528;312
7635;763558;831
8550;855058;418
2020;202010;756
1528;152807;1007
8800;880008;17
830;83040;1008
1550;155067;233
564;56468;832
5440;544057;771
5200;520038;260
7330;733040;848
2040;204028;921
568;56840;75
7355;735588;1009
5280;528067;604
7620;762022;631
5010;501047;919
2506;250617;1010
9410;941010;551
4170;417070;789
518;51818;1011
2524;252408;967
5215;521520;1012
5250;525039;150
6845;684511;791
4170;417078;789
524;52458;1013
1532;153267;595
5410;541070;1014
8610;861068;797
1335;133538;439
6815;681548;666
6825;682551;822
1542;154267;364
9430;943059;672
6840;684011;514
6825;682531;149
6630;663007;1015
6830;683071;858
2532;253240;1016
5215;521547;461
4770;477008;721
4150;415020;769
1935;193557;321
840;84008;689
6830;683007;1017
1850;185077;1018
6865;686568;703
500;50047;15
1117;111711;25
1104;110411;25
2512;251210;761
800;80012;78
1345;134547;1002
5465;546537;1020
1320;132059;363
6860;686049;344
8510;851078;288
1935;193577;55
1720;172009;47
1115;111511;25
5205;520557;1022
6870;687008;819
1542;154207;752
1546;154609;912
5260;526040;520
9700;970007;50
500;50044;15
6825;682508;636
1860;186059;622
2502;250227;377
2518;251817;401
6820;682048;662
1504;150461;348
8510;851057;1023
8520;852019;1024
5040;504021;21
4440;444018;223
1514;151420;913
4460;446017;4
2780;278018;930
7625;762537;464
524;52437;868
4120;412008;1025
2310;231020;362
7305;730528;732
520;52067;621
1730;173047;1026
5010;501027;458
2010;201018;656
9440;944019;236
6855;685531;1027
1506;150601;973
7000;700007;176
1305;130501;1028
7010;701078;798
5030;503029;778
2710;271050;1029
500;50022;15
524;52418;1030
1335;133530;439
2522;252218;248
5230;523060;788
7630;763029;870
2510;251058;807
7610;761037;616
1330;133020;625
1730;173067;664
5210;521040;383
4130;413028;1031
500;50014;15
1504;150468;348
2030;203001;1032
2040;204068;319
2508;250848;909
1546;154660;839
5270;527001;167
6855;685547;715
5460;546038;1033
500;50030;15
1325;132540;727
2050;205050;1034
5265;526528;183
2325;232559;190
5230;523008;426
2700;270007;1035
7610;761008;1036
1330;133047;431
1325;132548;727
534;53417;688
6300;630003;374
5235;523548;232
8510;851010;1037
1101;110121;702
1860;186057;622
6855;685568;361
6815;681509;653
7605;760550;410
2538;253808;1005
9910;991038;303
1910;191060;826
2540;254030;1038
5460;546030;1033
7350;735001;537
5240;524037;59
5030;503041;1039
5420;542010;258
1305;130540;906
9530;953009;532
7635;763537;958
2730;273050;471
6875;687579;384
514;51468;692
1315;131548;153
1300;130001;67
7600;760030;31
7305;730501;1040
2506;250618;1010
550;55017;855
534;53418;688
8560;856058;998
1940;194088;343
2500;250017;873
7645;764517;194
6310;631020;272
5420;542018;258
5210;521007;444
2730;273078;82
1920;192078;669
7070;707017;405
1300;130007;67
5220;522060;66
1548;154840;443
7040;704057;63
6830;683048;330
1770;177020;1041
4750;475019;573
1945;194509;677
6620;662010;987
6820;682008;326
1520;152027;948
1546;154608;912
6620;662007;1042
5255;525557;41
2010;201020;806
5285;528508;19
2528;252840;85
5200;520009;260
4460;446001;4
6820;682038;119
6640;664040;862
9130;913010;918
4100;410005;42
850;85068;740
534;53460;191
5220;522080;763
510;51052;337
5455;545517;989
568;56867;230
1536;153660;138
7630;763048;935
5285;528507;19
5460;546037;1033
1350;135060;1043
7635;763501;1044
1548;154828;174
2300;230018;202
2340;234001;300
5070;507041;454
1350;135067;1043
5210;521020;1045
2710;271018;962
1550;155028;593
1730;173007;875
1536;153647;1046
7320;732060;1047
4430;443008;231
1108;110811;169
7010;701070;798
1325;132518;69
6875;687571;384
5445;544558;859
7000;700002;176
6300;630008;374
4100;410008;42
5440;544030;942
2520;252007;221
2508;250840;909
2780;278050;445
5480;548010;453
520;52037;723
1955;195508;897
5430;543050;1048
4400;440017;49
6815;681541;666
850;85008;220
520;52077;468
4750;475028;512
1940;194029;88
1955;195567;1049
1516;151601;745
2740;274038;758
5400;540013;61
2010;201017;656
1750;175030;977
7630;763047;935
2325;232540;190
1548;154807;700
500;50001;15
4760;476057;529
9900;990008;192
7350;735027;569
7040;704017;281
2530;253010;1050
5225;522547;1051
1504;150440;734
5460;546050;505
1850;185037;1052
1534;153487;1053
5455;545550;111
500;50025;15
1800;180001;52
1340;134008;1054
1850;185057;1055
1520;152087;601
800;80020;78
1544;154428;733
8120;812010;945
9500;950007;539
6865;686538;197
6840;684039;849
2020;202038;243
560;56047;35
9950;995008;905
530;53040;633
5430;543018;890
1940;194087;343
6840;684001;988
1546;154677;1056
2510;251030;407
8560;856018;102
6825;682511;994
5410;541018;469
2330;233007;495
1105;110531;25
5455;545510;989
568;56810;455
7050;705030;599
560;56010;809
5430;543057;1048
518;51817;1011
520;52047;1057
564;56420;423
2320;232007;879
7300;730010;27
518;51810;1011
1536;153630;907
524;52468;1058
6810;681001;285
1320;132001;1059
5460;546010;1060
4700;470008;342
524;52427;845
2040;204060;319
2700;270002;1035
810;81020;218
8160;816017;682
7340;734027;936
6830;683041;330
1536;153648;1046
9140;914057;515
7615;761537;850
5450;545017;992
500;50017;15
2510;251048;482
1528;152820;1061
2315;231528;18
528;52818;382
2325;232528;269
2030;203007;1032
518;51820;1062
1810;181039;419
2000;200003;30
2520;252028;1004
7320;732007;479
9520;952007;452
7315;731560;559
1810;181050;535
2350;235007;920
2315;231508;887
7030;703077;360
8610;861001;309
9720;972008;852
1935;193597;55
6640;664048;862
1110;111051;588
2532;253220;456
7340;734048;917
4120;412067;943
8540;854038;398
2760;276057;603
5265;526501;926
1850;185030;1052
5240;524067;494
578;57847;459
6620;662001;1042
528;52820;1063
5225;522540;1051
6820;682037;119
2536;253658;781
1310;131017;1064
5060;506021;145
1546;154617;912
7630;763042;935
1530;153030;626
1910;191087;1065
2310;231001;609
9700;970001;50
7320;732068;1047
2522;252208;735
1860;186070;939
570;57038;144
7335;733510;450
1528;152840;204
7605;760529;840
2010;201001;1066
1538;153807;586
2305;230538;147
800;80002;78
4140;414067;561
5030;503001;14
8160;816019;682
5240;524008;648
2514;251420;995
1900;190003;524
500;50011;15
1310;131007;1067
520;52038;723
7305;730507;1040
1536;153607;708
6610;661028;937
9420;942018;554
2502;250210;785
544;54450;1068
8530;853018;975
7610;761001;1036
1522;152257;961
5450;545030;668
5270;527038;818
6875;687508;522
1830;183019;976
558;55818;950
2350;235047;891
7625;762540;611
1820;182058;1069
800;80015;78
4450;445047;779
7355;735517;647
1760;176040;628
554;55410;972
540;54040;796
1512;151220;1070
6830;683001;1017
1512;151280;112
6310;631001;1071
1925;192531;953
2512;251218;761
5285;528539;19
570;57060;16
4720;472008;239
4410;441047;226
2330;233027;579
1542;154227;646
1810;181057;535
5470;547030;711
510;51057;337
574;57410;775
7630;763028;870
7030;703050;304
6810;681004;285
2320;232038;135
5460;546017;1060
1850;185070;1018
6815;681511;718
1516;151609;745
2508;250801;1072
564;56460;832
4130;413027;1031
1940;194001;196
5255;525527;359
564;56410;39
574;57417;775
2050;205047;869
1850;185058;1055
5010;501031;941
1514;151440;895
1119;111951;25
520;52027;748
1542;154260;364
2325;232520;269
7315;731567;559
4140;414007;507
1945;194528;1073
9730;973047;327
1960;196001;484
1118;111831;25
2510;251050;807
1504;150427;1074
6850;685061;1075
7355;735508;647
2518;251801;780
7350;735050;168
6630;663008;1015
1905;190588;904
1770;177027;1041
1550;155048;163
2320;232010;915
2534;253467;115
6825;682507;636
5465;546517;884
5050;505021;1076
1770;177067;274
1945;194527;1073
2050;205007;116
1112;111211;25
2534;253480;1077
544;54447;639
5200;520018;260
1700;170006;106
554;55437;422
5205;520507;451
830;83060;1078
5215;521528;1012
1108;110851;169
574;57450;193
530;53047;633
6870;687032;70
2504;250401;339
1315;131527;801
7635;763560;534
5270;527037;818
2530;253017;1050
7610;761007;1036
1935;193520;981
1534;153427;5
1325;132501;1079
568;56828;542
544;54417;800
2512;251220;140
7610;761020;619
6805;680517;1080
2320;232030;135
5215;521549;461
4780;478037;275
1860;186050;622
6830;683038;182
6850;685009;399
7620;762040;526
2325;232548;190
2504;250457;404
7330;733047;848
2335;233507;224
5275;527567;1081
7635;763568;534
6800;680008;91
2040;204027;921
1780;178040;567
8800;880027;971
2538;253820;760
1516;151640;675
7600;760002;31
1810;181010;817
7355;735501;647
6870;687007;819
2320;232058;497
5445;544570;1082
1502;150268;261
1930;193009;331
1305;130517;415
510;51053;337
7340;734001;11
4170;417067;681
1730;173028;385
5400;540010;61
4150;415007;354
1910;191009;864
7020;702050;177
9440;944059;235
4170;417088;789
2320;232057;497
2720;272047;277
578;57828;549
2300;230003;202
4120;412027;89
2335;233539;605
7325;732501;265
1850;185018;861
5285;528567;516
538;53837;90
8100;810008;747
830;83003;964
1522;152280;1083
2518;251807;780
6835;683561;724
1320;132018;1084
1700;170004;106
5260;526020;210
4150;415077;365
534;53437;741
1522;152267;982
4400;440002;49
9910;991039;303
578;57877;966
1504;150449;734
5050;505047;1003
5020;502058;746
8550;855037;48
1524;152467;432
1508;150880;1000
1510;151067;1085
2526;252647;710
7070;707018;405
1540;154060;1086
7315;731527;805
1955;195501;897
7315;731540;1087
2534;253448;391
5235;523508;671
7350;735077;566
8620;862040;713
2528;252817;787
6600;660005;60
1542;154240;1088
510;51048;1089
1960;196068;910
2518;251820;1090
5285;528527;19
1504;150401;886
2510;251060;986
7635;763547;958
7070;707050;629
560;56077;1091
568;56858;409
2524;252432;820
7630;763027;870
2540;254050;1092
9110;911010;259
4780;478008;133
9510;951001;416
6845;684537;1093
1534;153408;637
1720;172008;47
1536;153649;1046
1315;131501;984
6840;684067;372
574;57437;714
1522;152288;1083
830;83010;964
8540;854039;398
574;57428;536
1830;183017;976
2700;270009;1035
1820;182019;846
1310;131027;227
518;51827;1062
2510;251008;916
550;55067;58
538;53847;1094
6825;682571;424
7335;733577;104
6830;683011;863
1526;152620;877
9900;990007;192
8620;862060;978
6825;682519;312
7345;734508;811
5210;521050;1022
1310;131010;1064
1114;111411;25
4770;477040;634
1300;130005;67
1522;152260;982
524;52450;1013
2040;204007;508
1111;111111;181
2325;232538;269
2502;250228;377
1546;154648;847
1540;154007;217
8500;850009;65
1740;174030;951
2315;231527;18
7600;760050;31
6340;634027;1096
5070;507057;402
5020;502009;411
6820;682057;483
5040;504028;21
510;51051;337
4180;418027;911
2305;230557;435
5445;544578;1082
7355;735587;1009
2770;277018;445
2506;250647;627
2030;203027;683
1315;131567;1097
2518;251860;1098
7610;761040;476
6610;661002;57
4700;470007;342
5480;548037;851
1905;190537;311
500;50005;15
1940;194060;462
1945;194557;676
520;52010;814
2050;205057;1034
2780;278017;930
2526;252660;985
7300;730017;27
2700;270001;1035
5470;547059;203
2340;234037;558
5275;527587;170
1110;111071;588
1905;190580;904
1910;191001;864
5285;528528;19
1925;192548;953
7330;733007;940
6825;682529;312
578;57860;571
1300;130003;67
2526;252608;914
4160;416080;564
2325;232509;574
5445;544529;808
1335;133508;1099
7635;763507;1044
1552;155209;45
500;50026;15
530;53027;503
578;57841;459
1111;111171;25
538;53827;480
6820;682018;759
1546;154670;1056
2540;254037;1038
1108;110861;169
2522;252237;1100
830;83001;964
7335;733501;23
548;54840;108
2524;252437;820
6835;683511;742
4720;472001;239
1530;153060;892
6860;686041;344
6870;687067;433
1950;195068;491
5440;544077;642
1760;176027;750
5250;525007;292
5210;521028;1045
528;52827;1063
1810;181038;419
4410;441017;544
1106;110611;25
1920;192047;596
6640;664028;933
8510;851037;347
6860;686057;344
7635;763532;958
1524;152420;72
1514;151401;28
840;84080;968
9520;952008;452
1526;152660;900
6865;686507;684
7635;763579;843
5200;520017;260
2512;251260;126
1720;172028;341
7605;760508;280
2020;202050;1102
7615;761557;661
1910;191078;13
5440;544010;795
1325;132507;1079
2540;254047;523
7060;706057;1103
550;55028;81
2518;251827;1090
548;54810;378
1910;191049;403
5280;528068;604
578;57869;571
1800;180007;52
560;56067;1104
1905;190550;457
1340;134067;694
1710;171007;893
1840;184018;209
1522;152287;1083
558;55820;764
550;55078;592
7030;703017;614
1910;191008;864
570;57058;187
7300;730008;27
4780;478040;658
1524;152407;1006
2740;274019;36
6815;681537;370
8120;812019;945
5275;527569;1081
1850;185038;1052
1920;192079;669
830;83004;964
6630;663018;881
1522;152207;1105
4180;418068;340
1900;190008;524
560;56020;369
1107;110711;442
6630;663011;881
1504;150407;886
4420;442007;510
1522;152230;835
7625;762510;739
560;56057;1106
5220;522020;899
1508;150801;824
1546;154687;1107
1925;192537;953
6810;681037;894
6815;681529;429
6865;686501;684
5285;528568;516
7635;763518;414
6865;686547;197
2330;233008;495
7310;731048;736
6820;682047;662
2760;276058;603
4440;444038;229
5440;544050;771
1526;152680;1108
6320;632080;1109
1925;192570;262
2020;202058;1102
2315;231501;887
5255;525537;359
6845;684521;612
524;52460;1058
1770;177007;1110
5245;524507;1111
8550;855017;701
6855;685569;361
1530;153001;1112
2310;231028;362
6845;684551;1113
1544;154440;375
7345;734520;955
6830;683039;182
2300;230029;202
2500;250053;171
2528;252827;496
2780;278030;184
1310;131008;1067
1800;180009;52
1700;170007;106
5410;541010;469
1518;151840;1114
2720;272010;98
6875;687542;590
2010;201007;1066
7600;760040;31
1111;111166;181
4780;478029;275
5000;500002;43
4750;475001;252
4110;411047;487
7305;730567;142
1920;192070;669
5210;521027;1045
550;55037;8
4740;474068;589
6865;686577;703
8620;862001;1115
5445;544577;1082
1915;191520;160
7335;733588;719
9100;910001;1116
1340;134060;694
1522;152219;242
1538;153820;470
4450;445001;630
9710;971008;97
7640;764008;673
830;83021;114
1105;110541;25
4120;412040;577
5210;521047;383
2512;251237;901
5050;505028;1076
5070;507017;357
2526;252617;40
1810;181067;535
2750;275017;518
5455;545558;111
6830;683027;77
7345;734527;955
4130;413060;301
1340;134001;1054
9400;940017;323
1905;190559;457
1710;171040;944
9500;950008;539
4730;473040;546
528;52828;1063
6815;681538;370
5275;527568;1081
850;85009;220
5030;503037;778
6875;687558;590
9900;990018;192
5230;523040;1117
5445;544517;1118
1935;193527;981
4110;411020;530
6835;683551;652
4180;418008;392
528;52817;382
6875;687549;590
1526;152607;645
564;56478;284
1350;135020;393
1925;192577;262
7635;763533;958
4120;412068;943
9910;991008;303
7615;761527;371
7355;735530;76
9520;952009;452
4760;476008;640
6320;632067;351
1108;110821;169
7335;733557;179
4730;473020;353
810;81067;1119
7340;734047;917
1350;135047;979
4440;444017;223
2514;251427;995
1905;190557;457
1945;194520;1073
2500;250007;980
8510;851058;1023
8510;851017;1037
6815;681517;718
500;50034;15
1710;171028;314
1310;131001;1067
7600;760015;31
7605;760540;991
5040;504041;488
7355;735589;1009
1510;151060;1085
2730;273070;82
1536;153617;1120
8100;810001;747
7645;764507;194
2500;250008;980
1520;152067;903
1920;192029;225
5255;525508;786
520;52070;468
4160;416027;1121
2720;272018;98
6630;663001;1015
1538;153808;586
6320;632047;970
810;81048;525
7335;733549;179
6620;662037;766
6600;660009;60
1520;152007;86
5240;524061;494
6875;687547;590
5270;527008;167
2320;232027;815
540;54047;796
8500;850002;65
1335;133507;1099
9910;991017;303
1526;152617;1122
1502;150227;317
524;52467;1058
4110;411040;487
7320;732048;296
4760;476048;927
1335;133558;959
2512;251268;126
7605;760530;607
1945;194507;677
8620;862087;602
2540;254057;1092
9910;991027;303
6845;684531;1093
2536;253640;712
6825;682539;149
524;52417;1030
7340;734028;936
810;81008;62
1502;150201;560
7615;761567;1123
6825;682567;541
7600;760013;31
9420;942017;554
1516;151628;865
4410;441020;226
540;54027;572
6815;681528;429
2740;274030;758
1850;185010;861
1950;195069;491
1335;133557;959
1920;192028;225
2530;253001;963
8150;815010;178
5245;524588;24
5220;522040;355
2526;252620;698
1730;173048;1026
1504;150477;348
7605;760528;840
1510;151001;9
2518;251840;651
1524;152440;381
5200;520001;260
1915;191560;830
500;50002;15
1955;195530;154
6800;680011;91
4180;418020;911
2512;251257;1124
1730;173040;1026
2506;250627;949
4170;417001;883
7335;733548;179
1101;110131;702
528;52840;305
5285;528537;19
9440;944010;236
5215;521527;1012
4130;413047;871
1500;150007;896
6320;632087;1109
9920;992050;905
8610;861008;309
1780;178028;929
1544;154401;113
5470;547038;711
2310;231037;362
1925;192501;729
1905;190587;904
5430;543058;1048
7600;760007;31
7615;761550;661
1320;132037;928
7000;700017;176
7345;734501;811
554;55467;783
6820;682067;107
7315;731547;1087
1850;185050;1055
1119;111981;25
6850;685021;1125
2050;205030;1001
524;52440;463
7615;761548;610
5050;505027;1076
8620;862008;1115
544;54427;367
1504;150420;1074
1935;193587;55
524;52420;845
5280;528060;604
1820;182018;846
578;57870;966
7605;760548;991
830;83007;964
2530;253037;833
554;55413;972
9720;972040;316
2330;233009;495
1305;130537;829
7620;762030;110
6865;686561;703
4180;418060;340
5275;527501;466
1305;130507;1028
5240;524001;648
1340;134028;725
8530;853037;308
5430;543017;890
2750;275018;518
6870;687033;70
5280;528017;257
1820;182057;1069
1119;111931;25
5000;500008;43
4170;417087;789
5225;522548;1051
5410;541050;335
2315;231509;887
1940;194020;88
1345;134520;762
6820;682007;326
7635;763577;843
5280;528030;500
2502;250207;1126
7600;760043;31
7600;760022;31
1955;195560;1049
2500;250027;283
4410;441038;226
1510;151040;538
1516;151607;745
1325;132512;69
2710;271058;1029
5245;524560;932
8160;816010;682
1345;134507;582
1915;191527;160
2780;278058;445
514;51420;328
4450;445008;630
5070;507029;555
9500;950009;539
9910;991018;303
7605;760502;280
2532;253247;1016
6800;680005;91
554;55417;972
2534;253430;413
8520;852017;1024
2526;252637;755
9110;911030;583
2520;252047;334
6835;683577;724
1860;186078;939
1820;182050;1069
1550;155068;233
7320;732067;1047
5270;527009;167
560;56030;882
6840;684068;372
558;55810;950
830;83047;1008
7630;763010;1127
8610;861080;613
570;57047;105
5400;540017;61
5275;527537;38
7020;702030;74
1770;177080;620
8520;852057;95
518;51840;837
4170;417077;789
7635;763510;414
1542;154247;1088
5010;501037;941
1335;133501;1099
7600;760033;31
2305;230528;147
2730;273017;952
6310;631007;1071
2050;205058;1034
4770;477058;772
554;55468;783
6600;660003;60
1516;151620;865
558;55857;842
5465;546558;511
2538;253801;1005
1536;153601;708
9100;910007;1116
2050;205070;390
6810;681021;894
2528;252807;425
4410;441049;226
578;57850;200
2345;234530;276
1330;133027;625
1325;132550;810
5225;522507;765
7030;703057;304
1320;132007;1059
1325;132517;69
8800;880020;971
7610;761027;619
560;56068;1104
5070;507027;555
6870;687031;70
1770;177001;1110
1945;194550;676
2504;250427;957
2526;252650;608
4780;478002;133
1305;130508;1028
7630;763022;870
1500;150003;896
6640;664018;834
7635;763531;958
5200;520006;260
2050;205048;869
558;55850;842
2524;252407;967
1544;154467;999
1540;154067;1086
1720;172067;475
810;81060;1119
2710;271010;962
7600;760045;31
5470;547079;509
4100;410004;42
2325;232517;574
1330;133001;693
520;52040;1057
548;54837;568
7305;730548;1128
4180;418048;20
500;50027;15
544;54457;1068
5255;525577;580
1730;173068;664
2522;252230;1100
7315;731548;1087
5070;507001;357
500;50028;15
2530;253058;836
8540;854030;398
6845;684557;1113
8140;814058;175
2522;252250;925
6610;661020;937
4770;477020;1129
7605;760501;280
5215;521529;1012
7630;763023;870
1925;192509;729
1760;176020;750
1550;155007;528
1502;150208;560
7355;735568;387
6850;685067;1075
5020;502001;411
2528;252857;777
9910;991058;303
5205;520539;228
7630;763041;935
7310;731027;1130
8100;810007;747
840;84007;689
8620;862028;956
2502;250237;1131
8560;856057;998
5040;504008;540
568;56857;409
6810;681012;448
1106;110621;25
1300;130006;67
574;57430;714
4430;443009;231
520;52057;103
6855;685557;428
2540;254001;397
538;53840;1094
4110;411008;757
5260;526049;520
1905;190597;904
4770;477057;772
2305;230501;263
544;54437;46
4760;476050;529
5275;527588;170
1530;153040;867
1925;192507;729
1925;192517;729
1860;186018;585
6840;684027;247
7330;733020;1132
2020;202057;1102
7330;733027;1132
7350;735020;569
2504;250408;339
1330;133048;431
1770;177068;274
514;51467;692
5050;505001;315
2310;231039;362
7305;730547;1128
5250;525060;93
518;51867;244
7635;763508;1044
1111;111141;181
7635;763570;843
8640;864009;278
6820;682027;660
5010;501011;738
2536;253630;880
1335;133560;768
7305;730560;142
1935;193529;981
5230;523001;426
1750;175038;977
1325;132568;827
4760;476030;722
4120;412001;1025
500;50042;15
558;55830;302
8620;862068;978
510;51047;1089
9910;991029;303
5430;543038;256
5230;523047;1117
4160;416020;1121
550;55060;58
800;80005;78
7305;730540;1128
4130;413020;1031
7600;760021;31
2536;253617;617
4430;443001;231
6850;685049;162
538;53850;550
2000;200004;30
5225;522508;765
6830;683047;330
5400;540006;61
4700;470003;342
6820;682011;759
6310;631008;1071
6340;634020;1096
2512;251207;310
1320;132017;1084
1740;174038;951
1315;131560;1097
500;50003;15
4410;441029;226
4780;478047;658
800;80003;78
6840;684008;988
5060;506008;553
2305;230527;147
6330;633008;685
510;51010;1133
5260;526058;520
9730;973001;100
6840;684038;849
5050;505041;1003
1340;134007;1054
1960;196007;484
2516;251601;853
4700;470005;342
8620;862067;978
2000;200018;30
2350;235001;920
4120;412007;1025
1940;194038;88
1118;111841;25
1546;154607;912
9920;992008;212
4410;441037;226
5275;527560;1081
7355;735580;1009
5465;546530;1020
8140;814018;866
5215;521508;473
9730;973007;100
4100;410002;42
7600;760008;31
1830;183027;976
5420;542057;749
7635;763539;958
7315;731520;805
6810;681008;285
4700;470001;342
1950;195007;421
1518;151847;1114
1532;153210;996
2534;253417;872
1105;110521;25
5445;544550;859
8520;852010;1024
6870;687037;70
6855;685511;68
2534;253418;872
4730;473028;353
5230;523027;1134
1526;152687;1108
9160;916058;983
6840;684048;498
2534;253487;1077
4740;474001;922
564;56457;1135
2502;250258;254
2506;250610;1010
2010;201047;79
550;55047;993
1544;154420;733
800;80007;78
2300;230001;202
4740;474027;556
1310;131048;186
5020;502057;746
5410;541077;1014
5400;540018;61
6875;687541;590
2325;232549;190
1335;133517;828
9950;995009;905
1103;110321;25
1320;132010;1084
2330;233047;118
2000;200005;30
554;55447;427
2526;252601;914
560;56060;1104
1770;177088;620
9510;951009;416
5220;522001;876
2330;233057;118
4150;415068;365
570;57027;264
4130;413007;199
1820;182059;1069
2536;253657;781
8640;864001;278
7315;731508;148
510;51050;337
1920;192087;669
4760;476060;434
1730;173069;664
1830;183018;976
1508;150860;1136
5020;502007;411
530;53030;947
5205;520578;446
7605;760537;607
2325;232501;574
2050;205059;1034
568;56827;542
1325;132508;1079
1530;153027;368
7060;706050;1103
5020;502059;746
1305;130520;438
560;56028;369
1740;174009;346
1960;196067;910
830;83067;1078
5070;507011;318
8120;812018;945
1508;150847;969
4150;415088;565
7010;701058;436
5440;544038;942
7335;733528;465
1536;153610;1120
2300;230004;202
7605;760520;840
2502;250201;1126
1530;153007;1112
2740;274057;306
1540;154020;1137
2500;250038;641
830;83002;964
7310;731020;1130
2020;202001;1138
5215;521568;578
4740;474047;6
7615;761560;1123
1528;152827;1061
5280;528038;500
7335;733597;1139
9430;943017;267
1524;152460;432
800;80013;78
4160;416089;564
8520;852018;1024
6840;684009;988
6825;682558;822
5450;545057;960
1925;192538;953
9530;953017;532
6800;680006;91
7625;762528;130
1915;191547;931
578;57838;205
830;83028;114
578;57810;790
7300;730007;27
5235;523520;695
4170;417047;96
5230;523028;1134
5030;503028;778
5245;524501;1111
1504;150428;1074
8620;862007;1115
1502;150240;670
1508;150867;1136
2500;250070;655
7600;760012;31
7615;761547;610
510;51017;1133
5215;521567;578
9440;944017;236
2512;251238;901
1536;153640;1046
6805;680551;1140
5060;506067;271
4750;475050;358
2010;201008;1066
1546;154680;1107
5205;520508;451
2516;251640;924
5215;521507;473
5285;528529;19
6845;684501;654
6825;682521;312
1528;152801;1007
9910;991028;303
9130;913018;918
6825;682501;636
6310;631027;272
1522;152201;1105
554;55448;427
6840;684047;498
1552;155207;45
6860;686048;344
7645;764502;194
4160;416040;132
534;53448;686
7335;733570;104
2510;251037;407
9510;951017;416
7615;761507;325
554;55412;972
1520;152040;598
2760;276010;336
2720;272030;799
1750;175031;977
548;54820;188
1820;182010;846
2530;253048;208
2532;253267;563
6610;661008;57
5280;528001;257
6805;680557;1140
6850;685027;1125
524;52457;1013
2526;252668;985
2300;230008;202
2502;250208;1126
2345;234509;380
6810;681047;665
2760;276017;336
2305;230559;435
2500;250040;954
1760;176008;123
1935;193528;981
1550;155040;163
7645;764508;194
840;84020;938
5285;528501;19
6805;680548;180
7320;732008;479
1935;193501;273
550;55058;219
2536;253648;712
8510;851050;1023
2520;252017;474
1330;133008;693
4730;473007;792
1935;193558;321
7600;760025;31
4170;417048;96
2710;271077;1141
7600;760032;31
5275;527528;38
1915;191507;195
1955;195509;897
9530;953001;532
2500;250001;980
560;56050;1106
2315;231547;624
6810;681011;448
524;52430;868
7600;760046;31
2050;205018;136
8530;853050;128
5000;500009;43
564;56450;1135
2340;234008;300
4730;473008;792
1534;153480;1053
8130;813018;751
4780;478028;275
9100;910008;1116
2310;231008;609
1300;130004;67
2520;252027;1004
5010;501051;784
568;56868;230
560;56070;1091
1900;190007;524
820;82060;990
524;52410;1030
5445;544510;1118
5285;528503;19
2710;271070;1141
578;57830;205
520;52078;468
2340;234017;215
2710;271057;1029
800;80014;78
4100;410018;42
9170;917018;533
8600;860007;946
5275;527507;466
830;83006;964
4110;411067;908
5235;523528;695
5480;548018;453
1310;131047;186
7335;733580;719
1710;171027;314
4770;477007;721
1108;110831;169
2050;205077;390
1500;150001;896
5070;507009;357
540;54037;324
9910;991037;303
7645;764501;194
6825;682561;541
2020;202007;1138
6640;664010;834
1720;172020;341
7615;761508;325
2770;277057;644
500;50035;15
1528;152860;552
2510;251017;812
1102;110211;80
6835;683518;742
7635;763528;825
5260;526048;520
9530;953018;532
4410;441028;226
1548;154880;744
1910;191070;13
4770;477027;1129
4700;470006;342
548;54830;568
7335;733590;1139
2528;252837;667
1350;135001;923
2050;205001;116
8560;856037;307
7630;763030;268
528;52830;997
2532;253210;650
544;54420;367
9530;953008;532
2538;253848;332
2512;251250;1124
548;54829;188
1730;173027;385
5255;525578;580
1780;178027;929
9120;912017;804
4760;476001;640
8620;862027;956
1810;181018;817
514;51457;754
7630;763007;253
2508;250808;1072
570;57057;187
1548;154848;443
5240;524068;494
1512;151227;1070
8600;860008;946
9900;990017;192
6830;683067;352
8150;815018;178
2510;251007;916
7625;762507;282
5245;524580;24
2700;270008;1035
548;54818;378
1512;151207;92
1810;181030;419
1800;180008;52
5230;523020;1134
2508;250807;1072
1810;181019;817
510;51077;680
7615;761510;782
1526;152610;1122
514;51440;146
5030;503047;1039
554;55428;517
2502;250230;1131
7630;763017;1127
1850;185078;1018
1534;153401;637
578;57867;571
820;82028;34
4170;417017;477
2508;250817;189
1955;195537;154
530;53057;794
1310;131060;32
6845;684547;706
1300;130010;67
1548;154867;406
564;56437;198
510;51040;1089
1345;134540;1002
2518;251867;1098
2320;232018;915
8530;853019;975
6855;685537;1027
1540;154027;1137
5280;528077;604
1101;110141;702
1550;155020;593
6805;680511;1080
4740;474060;589
4170;417010;477
4130;413048;871
